INSERT INTO `hospital` VALUES ('5d89f36640314cb1b95c2303b24d62ec', '广州市第一人民医院', 'gzsdyrmyy', '1');
INSERT INTO `hospital` VALUES ('cf4aaaa856e94fbb8dd314bc4c00f69d', '广东省中医院', 'gdszyy', '1');
INSERT INTO `hospital` VALUES ('3029df7a415a48e39649d2709aa53e2d', '广州中医药大学第一附属医院', 'gzzyydxdyfsyy', '1');
INSERT INTO `hospital` VALUES ('1ed6422dbe264c4dba2df533b235e923', '广州市红十字会医院', 'gzhszhyy', '1');
INSERT INTO `hospital` VALUES ('46bc3ee3820244c3b8fc03adce9efb23', '广东省第二人民医院', 'gdsdermyy', '1');
INSERT INTO `hospital` VALUES ('23f46c12badd4c84981d1cecffcf9c00', '中山大学孙逸仙纪念医院', 'zsdxsyxjnyy', '1');
INSERT INTO `hospital` VALUES ('8dbf85d4a4d447d48af7b97fb4aa0665', '广州医科大学附属第二医院', 'gzykdxfsdeyy', '1');
INSERT INTO `hospital` VALUES ('2026961b9c884939a8c6910dcf8ecfb2', '中山大学附属口腔医院', 'zsdxfskqyycs', '1');
INSERT INTO `hospital` VALUES ('662afee894ad49b886ed36fb7deb1a5c', '广州市番禺中心医院', 'fyqzxyy', '1');
INSERT INTO `hospital` VALUES ('ef9f47b54b1142f0a2eab3bf06f8805a', '广州市花都区人民医院', 'gzshdqrmyy', '0');
INSERT INTO `hospital` VALUES ('02907f599ad343648fabf1d8764035eb', '中山大学附属第三医院', 'zsdxdsfsyy', '1');
INSERT INTO `hospital` VALUES ('f96c71e8be604f8195296d7cbdc39dd1', '广州军区广州总医院', 'gzjqgzzyy', '0');
INSERT INTO `hospital` VALUES ('a34a091db3594da3baed69383195f16f', '增城区人民医院', 'zcqrmyy', '0');
INSERT INTO `hospital` VALUES ('91460a0c2b954c439290fac967dc1865', '深圳市第二人民医院', 'szsdermyy', '1');
INSERT INTO `hospital` VALUES ('2081ef848ca14469ab2d90276f8b2f59', '深圳市第三人民医院', 'szsdsrmyy', '1');
INSERT INTO `hospital` VALUES ('eb3fe3a390d44eaea10d011eb935a05c', '深圳市眼科医院', 'szsykyy', '0');
INSERT INTO `hospital` VALUES ('9d1451ff2434411eb7ad65b2291ea3dd', '深圳市中医院', 'szszyy', '0');
INSERT INTO `hospital` VALUES ('082cbc2ca4474067b86ce6136de4170e', '北京大学深圳医院', 'bjdxszyy', '0');
INSERT INTO `hospital` VALUES ('c5a24f6291ed4731ab220dd1e44685a2', '深圳市妇幼保健院', 'szsfybjy', '0');
INSERT INTO `hospital` VALUES ('330d1a0600764cc08e19a64dc55df2de', '深圳市儿童医院', 'szsetyy', '0');
INSERT INTO `hospital` VALUES ('70ece77e98b84a428c0e7b0eb2f6d5f0', '佛山市第一人民医院', 'fssdyrmyy', '1');
INSERT INTO `hospital` VALUES ('0e6c8beb006845b9a1cf87c7f8f3f4be', '佛山市中医院', 'fsszyy', '1');
INSERT INTO `hospital` VALUES ('ae7e5e3c81474e1c99776c404b15109b', '佛山市顺德区第一人民医院', 'sdqdyrmyy', '1');
INSERT INTO `hospital` VALUES ('d0e6fa5ddc2146e0bc06a31a48e1cce4', '东莞市人民医院', 'dgsrmyy', '1');
INSERT INTO `hospital` VALUES ('afb1343671214980aa9ab8d251320a1a', '东莞市厚街医院', 'dghj', '1');
INSERT INTO `hospital` VALUES ('7d741cc0d7d848e2990a75dc932a5652', '江门市中心医院', 'jmszxyy', '1');
INSERT INTO `hospital` VALUES ('6b33a48cad0f4fb4b1b5b7fb30effc7d', '江门市妇幼保健院', 'jmsfybjy', '1');
INSERT INTO `hospital` VALUES ('eb4fd27c82054c1d8fd115be2c9a3318', '江门市人民医院', 'jmsrmyy', '1');
INSERT INTO `hospital` VALUES ('f8b270dbfd10407f9c37ac26b5eb7a95', '江门市五邑中医院', 'jmswyzyy', '1');
INSERT INTO `hospital` VALUES ('5d83933b31764f5b89aa5fc73f1b64ed', '汕头医科大学附属第一医院', 'stdxyxydyfsyy', '1');
INSERT INTO `hospital` VALUES ('d0882f4e86d04cdda78ac8b5de23e2b5', '汕头市中心医院', 'stszxyy', '1');
INSERT INTO `hospital` VALUES ('b65ffd620a7048bdb716f7278d983975', '韶关市第一人民医院', 'sgsdyrmyy', '1');
INSERT INTO `hospital` VALUES ('88bc203c079c4ee2b07ef86530166cc8', '肇庆市高要区中医院', 'zqsgyqzyy', '0');
INSERT INTO `hospital` VALUES ('31b161712c66493c9f75884cef3de0ca', '潮州市中心医院', 'czszxyy', '0');
INSERT INTO `hospital` VALUES ('698e84162179493ab0c45c86fd617561', '英德市中医院', 'ydszyy', '0');
INSERT INTO `hospital` VALUES ('333c5d123c1946ca8f3423dc0c2b6cec', '广西医科大学第一附属医院', 'gxykdxdyfsyy', '1');
INSERT INTO `hospital` VALUES ('32a6831fb58742598488bce24a460c4b', '南宁市第二人民医院', 'nnsdermyy', '1');
INSERT INTO `hospital` VALUES ('67235b9ba54f4a8ea395810fa04a7282', '宜州市人民医院', 'yzsrmyy', '0');
INSERT INTO `hospital` VALUES ('7e7acd04b36f4a319e3ecb899103e41a', '南宁市第三人民医院', 'nnsdsrmyy', '0');
INSERT INTO `hospital` VALUES ('4c5a4ed43f944cc3858d82149bcf4919', '南宁市红十字会医院', 'nnshszhyy', '0');
INSERT INTO `hospital` VALUES ('228532a0c4c04b9da7a5be588cb4af9c', '广西科技大学第二附属医院', 'gxkjdxdefsyy', '0');
INSERT INTO `hospital` VALUES ('abd290e032a34d4b90044d6633d06f1e', '南宁市第七人民医院', 'nnsdqrmyy', '0');
INSERT INTO `hospital` VALUES ('ef6b4d4919d24294a89466c2105c4aa8', '云浮市妇幼保健计划生育服务中心', 'yfsfybjjhsyfwzx', '1');
INSERT INTO `hospital` VALUES ('068739c4372a434394e84dfe48def2f2', '惠州市中大惠亚医院', 'hzszdhyyy', '1');


INSERT INTO `hospital_platform_settings` VALUES ('aef32d3ae1b84a818ad9971b636c58e0', '1ed6422dbe264c4dba2df533b235e923', '5ab56bdf131d450b9e2036ddb6658135', 'wx7759862b6d224820');
INSERT INTO `hospital_platform_settings` VALUES ('54380bb4452447199fed9dfc23c93df0', '1ed6422dbe264c4dba2df533b235e923', 'bddc1e24d1da4c6eb51e85453727182f', '2014112600017754');
INSERT INTO `hospital_platform_settings` VALUES ('535bd8a87741447498f9c948e4750383', '46bc3ee3820244c3b8fc03adce9efb23', '5ab56bdf131d450b9e2036ddb6658135', 'wxc4e0763aff300ea6');
INSERT INTO `hospital_platform_settings` VALUES ('5f18f26b5c524d9d8961a22b594d8268', '46bc3ee3820244c3b8fc03adce9efb23', 'bddc1e24d1da4c6eb51e85453727182f', '2015010400023158');
INSERT INTO `hospital_platform_settings` VALUES ('b7431d9f00044af38ae88beae3ed3162', 'd0e6fa5ddc2146e0bc06a31a48e1cce4', '5ab56bdf131d450b9e2036ddb6658135', 'wx8f1f862904d2df7f');
INSERT INTO `hospital_platform_settings` VALUES ('64bcace5eecf4915bcbcbd1e2e157643', 'd0e6fa5ddc2146e0bc06a31a48e1cce4', 'bddc1e24d1da4c6eb51e85453727182f', '2015081900222319');
INSERT INTO `hospital_platform_settings` VALUES ('30034d4d9b4a4571a91cc25e8f124ec7', 'b65ffd620a7048bdb716f7278d983975', '5ab56bdf131d450b9e2036ddb6658135', 'wx4b24d2080c38a24f');
INSERT INTO `hospital_platform_settings` VALUES ('f98df12e05194419a5c62d1142e067db', 'b65ffd620a7048bdb716f7278d983975', 'bddc1e24d1da4c6eb51e85453727182f', '2015120100895338');
INSERT INTO `hospital_platform_settings` VALUES ('87511ab7517d45159f991ef7c3179214', '32a6831fb58742598488bce24a460c4b', '5ab56bdf131d450b9e2036ddb6658135', 'wxc7855b882634c209');
INSERT INTO `hospital_platform_settings` VALUES ('57d519307c654be49a837166152e1068', '0e6c8beb006845b9a1cf87c7f8f3f4be', 'bddc1e24d1da4c6eb51e85453727182f', '2015061100121913');
INSERT INTO `hospital_platform_settings` VALUES ('d28f7b5552c74112bac32da51c67ce7a', '23f46c12badd4c84981d1cecffcf9c00', '5ab56bdf131d450b9e2036ddb6658135', 'wx1104dc6b630963dc');
INSERT INTO `hospital_platform_settings` VALUES ('d767b5189dd84ea4a0ae89a97af2b7a3', '23f46c12badd4c84981d1cecffcf9c00', 'bddc1e24d1da4c6eb51e85453727182f', '2015012300027437');
INSERT INTO `hospital_platform_settings` VALUES ('7af18440e1eb44a0be2b4f4c3bc9151a', '2081ef848ca14469ab2d90276f8b2f59', 'bddc1e24d1da4c6eb51e85453727182f', '2015091400277685');
INSERT INTO `hospital_platform_settings` VALUES ('100cf693cf5344c6810e2606671981e6', '8dbf85d4a4d447d48af7b97fb4aa0665', '945532c4d4074a89b4add55edb8b6dc7', '2014121100019562');
INSERT INTO `hospital_platform_settings` VALUES ('358e59cd7a054d928387da06304b16f9', 'afb1343671214980aa9ab8d251320a1a', '5ab56bdf131d450b9e2036ddb6658135', 'wxfe134055970ad4e1');
INSERT INTO `hospital_platform_settings` VALUES ('51fc420243f6486189f2474e29059969', 'afb1343671214980aa9ab8d251320a1a', 'bddc1e24d1da4c6eb51e85453727182f', '2016061501520674');
INSERT INTO `hospital_platform_settings` VALUES ('5d0eaf892ce643529d1cf499562fb663', '02907f599ad343648fabf1d8764035eb', '5ab56bdf131d450b9e2036ddb6658135', 'wx0de227fe13646a00');
INSERT INTO `hospital_platform_settings` VALUES ('631c9335de40406aa4f4393ad8e60a19', 'ae7e5e3c81474e1c99776c404b15109b', 'bf5eb4bf19be40b7ba8d1317f76cce67', 'wxc3678a507117e457');
INSERT INTO `hospital_platform_settings` VALUES ('0120bfd65df14db19c9f281144a4b904', '2026961b9c884939a8c6910dcf8ecfb2', '5ab56bdf131d450b9e2036ddb6658135', 'wxf4c4665d12a7ba8a');
INSERT INTO `hospital_platform_settings` VALUES ('b3ed1628815e40f7b7b4245d72c78242', '2026961b9c884939a8c6910dcf8ecfb2', 'bddc1e24d1da4c6eb51e85453727182f', '2016011401093449');
INSERT INTO `hospital_platform_settings` VALUES ('c4a1bf6ea4ce42298c50d069b4d8e724', '7d741cc0d7d848e2990a75dc932a5652', '5ab56bdf131d450b9e2036ddb6658135', 'wxb584042fd40a695e');
INSERT INTO `hospital_platform_settings` VALUES ('9603788d8c7947be89a3a45e1c947fe6', 'f8b270dbfd10407f9c37ac26b5eb7a95', '5ab56bdf131d450b9e2036ddb6658135', 'wxf7fb2acc70e7cbdf');
INSERT INTO `hospital_platform_settings` VALUES ('33f645bcd50f40999d6309381a1113de', '91460a0c2b954c439290fac967dc1865', '5ab56bdf131d450b9e2036ddb6658135', 'wx95ac8639496452b8');
INSERT INTO `hospital_platform_settings` VALUES ('289122e322504a3bb885b3bf78339ca7', '91460a0c2b954c439290fac967dc1865', 'bddc1e24d1da4c6eb51e85453727182f', '2015031600036382');
INSERT INTO `hospital_platform_settings` VALUES ('38e2b645560349778adb18adb703ff40', 'eb4fd27c82054c1d8fd115be2c9a3318', 'bf5eb4bf19be40b7ba8d1317f76cce67', 'wx97570ff14d58e8ef');
INSERT INTO `hospital_platform_settings` VALUES ('60d5b015a74643e8853b9ff9ce5a9f5a', '5d83933b31764f5b89aa5fc73f1b64ed', '5ab56bdf131d450b9e2036ddb6658135', 'wx3d812a1343125673');
INSERT INTO `hospital_platform_settings` VALUES ('4c84e6ee6e2e48deac983da4b95c5e87', '5d83933b31764f5b89aa5fc73f1b64ed', 'bddc1e24d1da4c6eb51e85453727182f', '2014121900020759');
INSERT INTO `hospital_platform_settings` VALUES ('966338d3e89a4c03b451516666d646d9', '5d89f36640314cb1b95c2303b24d62ec', 'bf5eb4bf19be40b7ba8d1317f76cce67', 'wx8cad44e39f04164f');
INSERT INTO `hospital_platform_settings` VALUES ('b18189343b694b648937b3b83ad6898b', '6b33a48cad0f4fb4b1b5b7fb30effc7d', '5ab56bdf131d450b9e2036ddb6658135', 'wx8eec93c4779ca801');
INSERT INTO `hospital_platform_settings` VALUES ('b78c34df51454974ad042cfab0c5c41b', 'cf4aaaa856e94fbb8dd314bc4c00f69d', 'bf5eb4bf19be40b7ba8d1317f76cce67', 'wx95a6e0981f0f096e');
INSERT INTO `hospital_platform_settings` VALUES ('4581138bfa7f4763bb68c00423415362', '662afee894ad49b886ed36fb7deb1a5c', '5ab56bdf131d450b9e2036ddb6658135', 'wxe9570a448993b9f8');
INSERT INTO `hospital_platform_settings` VALUES ('386fc5717b104fd1906514b6d0c4bfd4', '70ece77e98b84a428c0e7b0eb2f6d5f0', '945532c4d4074a89b4add55edb8b6dc7', '2015070900161782');
INSERT INTO `hospital_platform_settings` VALUES ('ab843ea2f7624040842ce56a7660efe1', 'd0882f4e86d04cdda78ac8b5de23e2b5', '5ab56bdf131d450b9e2036ddb6658135', 'wx03865e1f7c07212a');
INSERT INTO `hospital_platform_settings` VALUES ('9943d1c835b54e509a00a4a711751e89', 'd0882f4e86d04cdda78ac8b5de23e2b5', 'bddc1e24d1da4c6eb51e85453727182f', '2014101500013664');
INSERT INTO `hospital_platform_settings` VALUES ('aa3947bd9d864f9f9016bd878d02cc2a', '333c5d123c1946ca8f3423dc0c2b6cec', 'bf5eb4bf19be40b7ba8d1317f76cce67', 'wxb2895f86e6fe18c5');
INSERT INTO `hospital_platform_settings` VALUES ('407546f5d70845ddaa082cef98111bb7', '3029df7a415a48e39649d2709aa53e2d', 'bf5eb4bf19be40b7ba8d1317f76cce67', 'wxa18bac0f1c686d63');
INSERT INTO `hospital_platform_settings` VALUES ('2b4419711fde46068ef15093efece8ae', '3029df7a415a48e39649d2709aa53e2d', '945532c4d4074a89b4add55edb8b6dc7', '2015020500030484');
INSERT INTO `hospital_platform_settings` VALUES ('853a0969b1fc40d58ceb2fcd2c0502a7', 'ef6b4d4919d24294a89466c2105c4aa8', '5ab56bdf131d450b9e2036ddb6658135', 'wxe0a2418f8dd4f1d7');
INSERT INTO `hospital_platform_settings` VALUES ('e8f48d18328d45859dc335301b9b42b8', '068739c4372a434394e84dfe48def2f2', '5ab56bdf131d450b9e2036ddb6658135', 'wx322815a85b7b4145');



INSERT INTO `platform` VALUES ('5ab56bdf131d450b9e2036ddb6658135', '标准平台-微信', '1', 'wechat');
INSERT INTO `platform` VALUES ('945532c4d4074a89b4add55edb8b6dc7', '医院项目-支付宝', '8', 'hisAlipay');
INSERT INTO `platform` VALUES ('bddc1e24d1da4c6eb51e85453727182f', '标准平台-支付宝', '2', 'alipay');
INSERT INTO `platform` VALUES ('bf5eb4bf19be40b7ba8d1317f76cce67', '医院项目-微信', '7', 'hisWechat');